-- phpMyAdmin SQL Dump
-- version 3.1.3.1
-- http://www.phpmyadmin.net
--
-- Serveur: localhost
-- Généré le : Mar 24 Août 2010 à 17:48
-- Version du serveur: 5.1.33
-- Version de PHP: 5.2.9

SET SQL_MODE="NO_AUTO_VALUE_ON_ZERO";


/*!40101 SET @OLD_CHARACTER_SET_CLIENT=@@CHARACTER_SET_CLIENT */;
/*!40101 SET @OLD_CHARACTER_SET_RESULTS=@@CHARACTER_SET_RESULTS */;
/*!40101 SET @OLD_COLLATION_CONNECTION=@@COLLATION_CONNECTION */;
/*!40101 SET NAMES utf8 */;

--
-- Base de données: `afupcompta`
--

-- --------------------------------------------------------

--
-- Structure de la table `budget`
--

CREATE TABLE IF NOT EXISTS `budget` (
  `id` tinyint(5) NOT NULL AUTO_INCREMENT,
  `idclef` varchar(20) NOT NULL,
  `idcategorie` int(11) NOT NULL,
  `montant_theo` double(11,2) NOT NULL,
  `description` varchar(255) NOT NULL,
  `idevenement` tinyint(5) NOT NULL,
  `idoperation` tinyint(5) NOT NULL,
  `periode` date NOT NULL,
  `verouiller` tinyint(1) NOT NULL,
  PRIMARY KEY (`id`)
) ENGINE=MyISAM  DEFAULT CHARSET=latin1 AUTO_INCREMENT=61 ;

--
-- Contenu de la table `budget`
--

INSERT INTO `budget` (`id`, `idclef`, `idcategorie`, `montant_theo`, `description`, `idevenement`, `idoperation`, `periode`, `verouiller`) VALUES
(1, '', 7, 3107.00, 'Location Salle ASIEM', 1, 1, '2008-01-01', 0),
(2, '', 6, 0.00, 'ElePHPants', 1, 1, '2008-01-01', 0),
(3, '', 8, 3000.00, 'Sponsor Gold', 1, 2, '2008-01-01', 0),
(4, '', 8, 2000.00, 'Sponsor Argent', 1, 2, '2008-01-01', 0),
(5, '', 8, 2000.00, 'Sponsor Argent', 1, 2, '2008-01-01', 0),
(6, '', 8, 2000.00, 'Sponsor Argent', 1, 2, '2008-01-01', 0),
(7, '', 9, 18000.00, '100 visiteurs 2 jours (100 * 180)', 1, 2, '2008-01-01', 0),
(8, '', 9, 18000.00, '150 Visiteurs 1 jour (150 * 120)', 1, 2, '2008-01-01', 0),
(9, '', 4, 160.00, 'Billet Train Paris/Zurich (Lukas)', 1, 1, '2008-01-01', 0),
(10, '', 4, 600.00, 'Billet Avion Montreal/paris (Zak)', 1, 1, '2008-01-01', 0),
(11, '', 4, 1000.00, 'Billet Avion New-York/Paris (Laura)', 1, 1, '2008-01-01', 0),
(12, '', 5, 1000.00, 'Depense non prevu', 1, 1, '2008-01-01', 0),
(13, '', 6, 450.00, 'Autocollants (stick Air com 2006)', 1, 1, '2008-01-01', 0),
(14, '', 6, 500.00, 'Pack conferenciers pour 20 personnes (20*25)', 1, 1, '2008-01-01', 0),
(15, '', 6, 439.53, 'Ruban Tour de cou 20mm avec mousqueton (societe LJ2) quantite 350*1.05', 1, 1, '2008-01-01', 0),
(16, '', 6, 1041.00, 'Sacs Forum (quantite 1000)', 1, 1, '2008-01-01', 0),
(17, '', 6, 39.67, 'Serigraphie Tee Shirts (quantite 23*0.79)+15', 1, 1, '2008-01-01', 0),
(18, '', 6, 282.26, 'Tee shirts femme (societe LJ2) quantite 80 * 2.95 ', 1, 1, '2008-01-01', 0),
(19, '', 6, 543.00, 'Tee shirts homme (societe LJ2) quantite 150 * 3.03', 1, 1, '2008-01-01', 0),
(20, '', 1, 1400.00, 'Hotel 3* : 7 personnes pour 2 nuits ,prix 100€ ', 1, 1, '2008-01-01', 0),
(21, '', 1, 1200.00, 'Hotel 3* : 4 personnes pour 3 nuits ,prix 100€', 1, 1, '2008-01-01', 0),
(22, '', 7, 2000.00, 'Stand AFUP', 1, 1, '2008-01-01', 0),
(23, '', 7, 60.00, 'Location voiture pour deplacer materiels vers la salle', 1, 1, '2008-01-01', 0),
(24, '', 3, 100.00, 'Pot dans 1 Bar le 1er soir', 1, 1, '2008-01-01', 0),
(25, '', 3, 1200.00, 'Repas 1er soir (conferenciers+orga)', 1, 1, '2008-01-01', 0),
(26, '', 3, 4100.00, 'Repas midi pour les 2 jours + gourmandises matin', 1, 1, '2008-01-01', 0),
(27, '', 10, 1794.00, 'Communication presse ecrite avec ALX Communication', 1, 1, '2008-01-01', 0),
(28, '', 4, 4000.00, 'Transport conferencier (8 pers * 500 €)', 1, 1, '2008-01-01', 0),
(29, '', 1, 3000.00, '25 &agrave; 30 nuits', 1, 1, '2009-01-01', 0),
(30, '', 6, 5000.00, 'Goodies a definir', 1, 1, '2009-01-01', 0),
(31, '', 8, 12000.00, 'Or : 6000 + Silver : 3x2000', 1, 2, '2009-01-01', 0),
(32, '', 3, 5500.00, 'repas midi + gourmandises', 1, 1, '2009-01-01', 0),
(33, '', 9, 18000.00, 'Inscription 2 journee 100 * 180', 1, 2, '2009-01-01', 0),
(34, '', 9, 18000.00, 'Inscription 1 journee 150 * 120', 1, 2, '2009-01-01', 0),
(35, '', 10, 2000.00, 'Com ALX', 1, 1, '2009-01-01', 0),
(36, '', 4, 4500.00, 'Transport conferenciers', 1, 1, '2009-01-01', 0),
(37, '', 16, 4000.00, 'Trophee PHP (3500 a 5000)', 5, 1, '2009-01-01', 0),
(38, '', 13, 2000.00, 'PHP TV', 2, 1, '2009-01-01', 0),
(39, '', 7, 15000.00, 'location salle', 1, 1, '2009-01-01', 0),
(40, '', 12, 3100.00, 'Cotisation AFUP (30x20 = 600) + (50x50=2500)', 7, 2, '2009-01-01', 0),
(41, '', 7, 2500.00, 'Stand AFUP', 1, 1, '2009-01-01', 0),
(42, '', 3, 2000.00, 'Bar soir + Resto soir', 1, 1, '2009-01-01', 0),
(43, '', 10, 1869.00, 'communication ALX', 13, 1, '2009-01-01', 0),
(46, '', 8, 8000.00, 'Sponsor Anaska (1000)+oracle (2000)+Zend(5000)', 13, 2, '2009-01-01', 0),
(47, '', 6, 48.00, 'Remboursement goodies Oracle', 13, 2, '2009-01-01', 0),
(48, '', 3, 503.50, 'Restaurant-Bar 1er soir', 13, 1, '2009-01-01', 0),
(49, '', 9, 5460.00, 'inscription forum 2008', 13, 2, '2009-01-01', 0),
(50, '', 4, 3000.00, 'remboursement Lukas (144)+Laura()+Zak()+Arnaud Bailly()+David Sklar($747.20)', 13, 1, '2009-01-01', 0),
(51, '', 5, 1000.00, 'Assurance + frais Paybox + Frais commission', 8, 1, '2009-01-01', 0),
(52, '', 5, 1500.00, '6 rendez-vous', 14, 1, '2009-01-01', 0),
(53, '', 13, 1200.00, 'Couverture par PHP TV', 13, 1, '2009-01-01', 0),
(54, '', 7, 1500.00, 'materiel pour PHP TV', 13, 1, '2009-01-01', 0),
(55, '', 5, 500.00, 'AG + journee de Dev', 9, 1, '2009-01-01', 0),
(56, '', 7, 500.00, 'stand salon linux (couverture TV)', 12, 1, '2009-01-01', 0),
(57, '', 5, 8000.00, 'Realisation livre blanc (a definir)', 3, 1, '2009-01-01', 0),
(58, '', 5, 305.00, 'stockage goodies', 8, 1, '2009-01-01', 0),
(59, '', 6, 2000.00, 'Vente Goodies', 12, 2, '2009-01-01', 0),
(60, '', 11, 34131.99, 'Tresorerie', 8, 2, '2009-01-01', 0);

-- --------------------------------------------------------

--
-- Structure de la table `budget_categorie`
--

CREATE TABLE IF NOT EXISTS `budget_categorie` (
  `id` int(5) NOT NULL AUTO_INCREMENT,
  `categorie` varchar(30) NOT NULL,
  PRIMARY KEY (`id`)
) ENGINE=MyISAM  DEFAULT CHARSET=latin1 AUTO_INCREMENT=17 ;

--
-- Contenu de la table `budget_categorie`
--

INSERT INTO `budget_categorie` (`id`, `categorie`) VALUES
(1, 'Hotel'),
(3, 'Nourriture'),
(4, 'Transport'),
(5, 'Divers'),
(6, 'Goodies'),
(7, 'Location'),
(8, 'Sponsor'),
(9, 'Inscriptions'),
(10, 'Communication'),
(11, 'Banque'),
(12, 'Cotisation AFUP'),
(13, 'PHP TV'),
(14, 'Site Internet'),
(15, 'Frais administratif'),
(16, 'Trophee PHP');

-- --------------------------------------------------------

--
-- Structure de la table `budget_evenement`
--

CREATE TABLE IF NOT EXISTS `budget_evenement` (
  `id` tinyint(5) NOT NULL AUTO_INCREMENT,
  `evenement` varchar(50) NOT NULL,
  PRIMARY KEY (`id`)
) ENGINE=MyISAM  DEFAULT CHARSET=latin1 AUTO_INCREMENT=15 ;

--
-- Contenu de la table `budget_evenement`
--

INSERT INTO `budget_evenement` (`id`, `evenement`) VALUES
(1, 'Forum'),
(2, 'PHP TV'),
(3, 'Livre blanc'),
(4, 'Site internet'),
(5, 'Trophee PHP'),
(6, 'Journee Dev'),
(7, 'Adhesion AFUP'),
(8, 'Administration'),
(9, 'AG'),
(10, 'Barcamp'),
(11, 'Banque'),
(12, 'Salon'),
(13, 'Forum precedent'),
(14, 'RV AFUP');

-- --------------------------------------------------------

--
-- Structure de la table `budget_operation`
--

CREATE TABLE IF NOT EXISTS `budget_operation` (
  `id` tinyint(5) NOT NULL AUTO_INCREMENT,
  `operation` varchar(20) NOT NULL,
  PRIMARY KEY (`id`)
) ENGINE=MyISAM  DEFAULT CHARSET=latin1 AUTO_INCREMENT=3 ;

--
-- Contenu de la table `budget_operation`
--

INSERT INTO `budget_operation` (`id`, `operation`) VALUES
(1, 'Depense'),
(2, 'Recette');

-- --------------------------------------------------------

--
-- Structure de la table `budget_rappro`
--

CREATE TABLE IF NOT EXISTS `budget_rappro` (
  `id` int(11) NOT NULL,
  `idbudget` int(11) NOT NULL,
  `idcompta` int(11) NOT NULL
) ENGINE=MyISAM DEFAULT CHARSET=latin1;

--
-- Contenu de la table `budget_rappro`
--


-- --------------------------------------------------------

--
-- Structure de la table `compta`
--

CREATE TABLE IF NOT EXISTS `compta` (
  `id` int(11) NOT NULL AUTO_INCREMENT,
  `idclef` varchar(20) NOT NULL,
  `idoperation` tinyint(5) NOT NULL,
  `idcategorie` int(11) NOT NULL,
  `date_ecriture` date NOT NULL,
  `nom_frs` varchar(50) NOT NULL,
  `montant` double(11,2) NOT NULL,
  `description` varchar(255) NOT NULL,
  `numero` varchar(50) NOT NULL,
  `idmode_regl` tinyint(5) NOT NULL,
  `date_regl` date NOT NULL,
  `obs_regl` varchar(255) NOT NULL,
  `idevenement` tinyint(5) NOT NULL,
  PRIMARY KEY (`id`)
) ENGINE=MyISAM  DEFAULT CHARSET=latin1 AUTO_INCREMENT=446 ;

--
-- Contenu de la table `compta`
--

INSERT INTO `compta` (`id`, `idclef`, `idoperation`, `idcategorie`, `date_ecriture`, `nom_frs`, `montant`, `description`, `numero`, `idmode_regl`, `date_regl`, `obs_regl`, `idevenement`) VALUES
(1, '', 1, 1, '2008-01-17', '', 108.00, 'Reservation salle Entrepot', '', 4, '2008-01-17', '4003159', 15),
(3, '', 2, 5, '2008-01-06', '', 15.68, 'Interet', '', 3, '2008-01-06', '', 12),
(4, '', 2, 3, '2008-01-10', '', 180.00, 'virement CCIP-SCFM', '', 3, '2008-01-10', '', 4),
(5, '', 1, 22, '2008-01-02', 'MAIF', 327.14, 'Assurance MAIF du 01/01/08 au 31/12/08', '', 3, '2008-01-02', '', 3),
(7, '', 1, 1, '2008-05-01', 'OpenStates', 500.00, 'Partenariat PHPTV emission 1', '0026', 4, '2008-07-30', '5618666', 14),
(8, '', 1, 1, '2008-02-02', 'Falstaff', 350.60, 'Repas developpement AFUP', '', 1, '2008-02-02', '????', 5),
(9, '', 1, 12, '2008-03-25', 'Silicon Sentier', 119.60, 'RV AFUP Qualite', '2008-69', 4, '2008-04-23', '4003168', 2),
(10, '', 1, 1, '2008-04-03', 'Cafe a livres', 300.00, 'RV AFUP Lyon', '16', 4, '2008-06-13', '4003175', 2),
(11, '', 1, 1, '2008-04-17', 'Sous-bock', 94.70, 'Reunion pour site AFUP', '', 4, '2008-06-19', '4003172', 13),
(12, '', 1, 1, '2008-04-29', 'FIAP', 140.00, 'RV AFUP eTF1', '2942', 4, '2008-04-29', '4003170', 2),
(13, '', 1, 1, '2008-04-29', 'Orange', 10.00, 'RV AFUP eTF1 - Location WIFI', '', 1, '2008-04-29', '', 2),
(14, '', 1, 1, '2008-06-06', 'Silicon Sentier', 956.80, 'PHP Camp &agrave; la cantine', '2008-157', 4, '2008-06-06', '4003173', 9),
(15, '', 1, 1, '2008-06-06', 'Resto des faubourg', 144.00, 'Restaurant soir Barcamp PHP', '', 4, '2008-06-06', '4003174', 9),
(16, '', 1, 8, '2008-07-19', 'La Poste', 5.30, 'Expedition colis', 'LP202008070088', 1, '2008-07-19', '', 3),
(17, '', 1, 8, '2008-09-08', 'La Poste', 5.50, 'Timbre', 'LP0292008090755', 1, '2008-09-08', '', 3),
(18, '', 1, 16, '2008-09-10', 'O Batignolles', 168.00, 'Reunion forum PHP', '', 4, '2008-09-10', '5618667', 1),
(21, '', 2, 2, '2008-01-04', '', 707.27, 'Remboursement Rasmus annule', '', 3, '2008-01-04', '', 4),
(22, '', 1, 5, '2008-01-02', '', 12.00, 'Frais gestion compte Janvier', '', 3, '2008-01-02', '', 12),
(23, '', 1, 8, '2008-01-03', '', 25.92, 'timbres', '', 4, '2008-01-03', '4003155', 3),
(25, '', 1, 11, '2008-01-07', '', 556.14, 'Bache forum PHP 2007', '', 4, '2008-01-07', '4003158', 4),
(27, '', 1, 12, '2008-01-10', '', 180.00, 'Remboursement car paiement en double', '', 4, '2008-01-10', '4003157', 4),
(28, '', 1, 11, '2008-01-11', 'AL X communication', 1869.00, 'communication forum 2007', '', 4, '2008-01-11', '4003156', 4),
(29, '', 2, 4, '2008-01-31', '', 170.00, 'Cotisation Janvier', '', 2, '2008-01-31', '', 11),
(30, '', 1, 4, '2008-01-31', '', 2.45, 'Frais cotisation', '', 2, '2008-01-31', '', 11),
(31, '', 1, 5, '2008-01-07', '', 332.25, 'Abonnement CB Paybox', '', 5, '2008-01-07', '', 12),
(32, '', 2, 17, '2008-01-31', '', 5000.00, 'Sponsor Gold Adobe', '', 3, '2008-01-31', '', 4),
(33, '', 2, 4, '2008-02-29', '', 180.00, 'cotisation Fevrier AFUP', '', 2, '2008-02-29', '', 11),
(34, '', 1, 4, '2008-02-29', '', 1.85, 'Frais cotisation', '', 2, '2008-02-29', '', 11),
(35, '', 2, 10, '2008-01-30', '', 1540.00, 'Virement sur Livret A', '', 3, '2008-01-30', '', 18),
(36, '', 1, 1, '2008-01-31', 'Video plus', 207.79, 'Location materiels pour reportage', '', 4, '2008-02-01', '4003094', 10),
(37, '', 2, 10, '2008-02-16', '', 2000.00, 'virement sur Livret A', '', 3, '2008-02-16', '', 18),
(38, '', 1, 15, '2008-02-22', 'Asiem', 1655.00, 'Solde facture Asiem', '', 4, '2008-02-22', '4003166', 4),
(39, '', 1, 2, '2008-02-16', '', 101.13, 'Deplacement transport Lille-Paris (forum 2007)', '', 4, '2008-02-16', '4003165', 4),
(40, '', 1, 2, '2008-02-16', '', 176.00, 'Remboursement Train forum 2007', '', 4, '2008-02-16', '4003163', 4),
(41, '', 1, 5, '2008-03-01', '', 12.00, 'Frais gestion compte Mars', '', 5, '2008-03-01', '', 12),
(42, '', 1, 2, '2008-03-01', '', 176.00, 'Hotel forum 2007 -Raphael rougeron', '', 4, '2008-03-01', '4003146', 4),
(43, '', 1, 1, '2008-02-02', 'Entrepot', 160.00, 'Repas midi journee dev', '', 4, '2008-03-05', '4003160', 15),
(44, '', 1, 2, '2008-03-01', '', 560.00, 'Remboursement frais conferencier', '', 4, '2008-03-01', '4003161', 4),
(45, '', 2, 4, '2008-03-01', '', 50.00, 'Cotisation Mars AFUP', '', 2, '2008-03-01', '', 11),
(46, '', 1, 4, '2008-03-30', '', 0.65, 'Frais cotisation', '', 2, '2008-03-30', '', 11),
(47, '', 1, 2, '2008-03-21', '', 735.18, 'Remboursement Frais Rasmus Lerdorf', '', 3, '2008-03-21', '', 4),
(48, '', 1, 2, '2008-03-01', '', 6.48, 'Frais correspondance remboursement frais conferencier', '', 5, '2008-03-25', '', 4),
(49, '', 1, 5, '2008-04-01', '', 12.00, 'Frais Gestion de compte Avril', '', 5, '2008-04-01', '', 12),
(50, '', 1, 5, '2008-02-01', '', 12.00, 'Frais gestion compte Fevrier', '', 5, '2008-02-01', '', 12),
(51, '', 1, 10, '2008-04-01', '', 2000.00, 'Virement sur compte courant', '', 3, '2008-04-01', '', 18),
(52, '', 2, 5, '2008-04-01', '', 1.85, 'Interet 31/03/07 au 01/04/08', '', 3, '2008-04-01', '', 12),
(53, '', 1, 5, '2008-04-01', '', 8.98, 'Agios', '', 5, '2008-04-01', '', 12),
(55, '', 1, 5, '2008-05-02', '', 12.00, 'Frais gestion compte Mai', '', 5, '2008-05-02', '', 12),
(56, '', 1, 1, '2008-02-02', 'Entrepot', 120.00, 'Salle Entrepot pour AG 2008', '', 4, '2008-05-02', '4003171', 15),
(57, '', 1, 10, '2008-05-05', '', 400.00, 'Virement sur compte courant', '', 3, '2008-05-05', '', 18),
(58, '', 2, 3, '2008-05-01', '', 180.00, 'Reglement Inscription', '', 3, '2008-05-01', '', 4),
(59, '', 2, 4, '2008-05-01', '', 20.00, 'Cotisation AFUP', '', 2, '2008-05-01', '', 11),
(60, '', 1, 4, '2008-05-01', '', 0.30, 'Frais cotisation', '', 5, '2008-05-01', '', 11),
(61, '', 1, 5, '2008-06-01', '', 12.00, 'Frais gestion compte Juin', '', 5, '2008-06-01', '', 12),
(62, '', 1, 10, '2008-06-01', '', 2000.00, 'Virement sur compte courant', '', 3, '2008-06-01', '', 18),
(63, '', 2, 6, '2008-06-12', '', 3990.00, 'Remise cheque', '', 4, '2008-06-12', '', 12),
(64, '', 2, 6, '2008-06-12', '', 1220.00, 'Remise cheque', '', 4, '2008-06-12', '', 12),
(65, '', 2, 6, '2008-06-12', '', 540.00, 'Remise cheques', '', 4, '2008-06-12', '', 12),
(66, '', 2, 4, '2008-06-12', '', 50.00, 'Cotisation AFUP', '', 2, '2008-06-12', '', 11),
(67, '', 1, 4, '2008-06-12', '', 0.65, 'Frais cotisation AFUP', '', 5, '2008-06-12', '', 11),
(68, '', 1, 7, '2008-06-01', '', 290.00, 'Retour impaye ', '', 3, '2008-06-01', '', 12),
(69, '', 1, 5, '2008-07-01', '', 12.00, 'Frais gestion compte Juillet ', '', 5, '2008-07-01', '', 12),
(71, '', 1, 1, '2008-03-25', '', 20.70, 'RV AFUP boisson ', '', 4, '2008-07-02', '4003169', 2),
(72, '', 2, 5, '2008-07-01', '', 2.86, 'Interet 30/06/08', '', 3, '2008-07-01', '', 12),
(73, '', 1, 13, '2008-07-01', 'NAOSS', 304.98, 'stockage pelluche', '', 4, '2008-07-01', '4003097', 3),
(75, '', 1, 8, '2008-05-26', '', 5.15, 'La poste', '', 1, '2008-05-26', '', 3),
(76, '', 1, 1, '2008-09-30', '', 7.99, 'note pour reunion AFUP pour site internet', '', 1, '2008-09-30', '', 13),
(77, '', 1, 13, '2008-11-19', 'Nexen', 299.00, 'Gros ElePHPants pour goodies Forum PHP 2008', '10714', 4, '2008-11-19', '4003103', 1),
(78, '', 1, 13, '2008-10-30', 'Pak emballages', 276.00, 'sac papiers', '081003512', 4, '2008-12-24', '4003104', 1),
(79, '', 1, 22, '2008-10-20', 'APRIL', 50.00, 'Cotisation APRIL', '', 4, '2008-10-20', '4003101', 3),
(80, '', 1, 13, '2008-10-15', 'Deheeger', 250.00, 'Graph illustation pour tee-shirt', '2008-10-094', 4, '2008-10-15', '4003100', 1),
(81, '', 1, 13, '2008-12-09', 'DHL', 48.00, 'Avance goodies Oracle', '8963981530', 4, '2008-12-09', '4003108', 1),
(82, '', 1, 12, '2008-12-07', 'Bricorama', 25.60, 'Divers fournitures pour forum PHP', '004026311', 4, '2008-12-07', '4003107', 1),
(83, '', 1, 12, '2008-12-07', 'Grosbill', 154.47, 'Materiels informatiques', '2923405', 4, '2008-12-07', '4003107', 1),
(84, '', 1, 16, '2008-12-08', 'Bar', 25.80, 'Consommation 1er soir', '', 1, '2008-12-08', '', 1),
(85, '', 1, 16, '2008-12-09', 'Bar aux ministeres', 76.80, 'Consommation 2eme soir', '', 4, '2008-12-15', '4003109', 1),
(86, '', 1, 16, '2008-12-09', 'O Batignolles', 800.00, 'Restaurant 2eme soir', '', 4, '2008-12-12', '4003110', 1),
(87, '', 1, 12, '2008-11-27', 'sogedex', 276.63, 'Tour de cou + porte badge', '0808677', 4, '2008-12-29', '4003112', 1),
(88, '', 1, 14, '2009-01-11', 'Hotel de Beaune', 600.00, 'Hotel conferenciers - Acompte ', '', 4, '2009-01-11', '4003099', 1),
(89, '', 1, 14, '2009-01-11', 'Hotel de Beaune', 1395.00, 'Hotel conferenciers - Solde', '', 4, '2009-01-11', '4003111', 1),
(90, '', 1, 8, '2008-12-11', 'La poste', 8.78, 'Timbre + expedition', '', 1, '2008-12-11', '', 3),
(91, '', 1, 13, '2008-11-13', 'Atelier du grand Chic', 2176.00, 'Impression sur Tee-shirt', 'FC0921', 4, '2008-11-13', '4003102', 1),
(93, '', 1, 14, '2008-12-17', 'Hotel Eber', 96.00, 'hotel eber', '019807', 4, '2008-12-30', '4003105', 1),
(96, '', 1, 15, '2008-11-12', 'Nathalie', 2050.00, 'Installation Stand Acompte', '', 4, '2008-12-11', '5618677', 1),
(98, '', 1, 16, '2008-12-07', '', 74.20, 'Restaurant installation', '', 4, '2008-12-18', '5618671', 1),
(99, '', 1, 16, '2008-12-08', 'Repas Midi ', 5773.00, 'Repas midi Laurence', '', 4, '2008-12-11', '5618673', 1),
(100, '', 1, 16, '2009-01-08', 'Dune', 503.50, 'Restaurant-Bar 1er soir', '', 4, '2009-01-08', '', 1),
(103, '', 1, 5, '2008-08-01', '', 12.00, 'Frais gestion compte Aout', '', 5, '2008-08-01', '', 12),
(104, '', 2, 4, '2008-08-05', '', 70.00, 'Cotisation AFUP', '', 2, '2008-08-05', '', 11),
(105, '', 1, 4, '2008-08-05', '', 0.95, 'Frais cotisation AFUP', '', 5, '2008-08-05', '', 11),
(106, '', 2, 3, '2008-08-11', '', 720.00, 'Inscription forum PHP 2007', '', 3, '2008-08-11', '', 4),
(107, '', 2, 3, '2008-10-30', '', 5680.00, 'Inscription Forum Oct 2008', '', 2, '2008-10-30', '', 1),
(108, '', 2, 3, '2008-09-24', '', 120.00, 'inscription forum PHP 2007 (CNRS)', '', 3, '2008-09-24', '', 4),
(109, '', 2, 4, '2008-09-10', '', 40.00, 'Cotisation AFUP', '', 2, '2008-09-10', '', 11),
(110, '', 1, 4, '2008-09-10', '', 0.60, 'Frais cotisation', '', 5, '2008-09-10', '', 11),
(111, '', 1, 5, '2008-09-01', '', 12.00, 'Frais gestion compte Septembre', '', 5, '2008-09-01', '', 12),
(114, '', 2, 3, '2008-12-20', '', 11500.00, 'Inscription Forum Dec 2008', '', 2, '2008-12-20', '', 1),
(115, '', 2, 6, '2008-10-30', '', 780.00, 'Remise cheques (670+110)', '', 4, '2008-10-30', '', 12),
(116, '', 2, 5, '2008-10-20', '', 8.79, 'operation banque (4.89+3.90)', '', 3, '2008-10-20', '', 12),
(117, '', 1, 5, '2008-10-30', '', 3.90, 'operation CB', '', 5, '2008-10-30', '', 12),
(118, '', 1, 5, '2008-10-01', '', 12.00, 'Frais gestion compte Octobre', '', 5, '2008-10-01', '', 12),
(119, '', 1, 5, '2008-10-30', '', 69.41, 'Commission CB Octobre', '', 5, '2008-10-30', '', 12),
(120, '', 1, 12, '2008-10-06', '', 216.00, '???? attente detail', '', 4, '2008-10-06', '5618668', 3),
(121, '', 1, 5, '2008-10-31', '', 300.00, 'Annulation operation', '', 3, '2008-10-31', '', 12),
(122, '', 1, 5, '2008-11-03', '', 5220.00, 'virement sur Livret A', '', 3, '2008-11-03', '', 12),
(124, '', 2, 3, '2008-11-30', '', 10490.00, 'Inscription Forum Nov 2008', '', 2, '2008-11-30', '', 1),
(125, '', 1, 5, '2008-11-01', '', 12.00, 'Frais gestion compte Novembre', '', 5, '2008-11-01', '', 12),
(126, '', 1, 12, '2008-11-30', '', 119.20, 'Commission CB ', '', 2, '2008-11-30', '', 1),
(127, '', 2, 17, '2009-01-14', '', 1000.00, 'Sponsor Silver Anaska', '', 4, '2009-01-29', '', 1),
(128, '', 2, 17, '2009-01-14', '', 5000.00, 'Sponsor Gold Zend', '', 4, '2009-01-26', '', 1),
(129, '', 2, 17, '2009-01-20', '', 2000.00, 'Sponsor Silver Orable/double 2', '', 4, '2009-01-20', '', 1),
(130, '', 1, 8, '2008-12-11', '', 5.30, 'expedition gilles Fevrier', '', 1, '2008-12-11', '', 3),
(131, '', 1, 1, '2008-01-31', 'Video Plus', 31.10, 'Location materiel salon linux 2008', '', 4, '2008-02-01', '4003094', 10),
(132, '', 2, 6, '2008-08-07', '', 130.00, 'Remise cheque', '', 4, '2008-08-07', '', 12),
(133, '', 2, 6, '2008-09-25', '', 290.00, 'Remise cheque', '', 4, '2008-09-25', '', 12),
(135, '', 2, 6, '2008-11-03', '', 600.00, 'Remise cheque', '', 4, '2008-11-03', '', 12),
(136, '', 1, 1, '2008-09-30', '', 39.30, 'Reunion site internet', '', 1, '2008-09-30', '', 13),
(137, '', 1, 16, '2008-12-01', 'O Batignolles', 800.00, 'Restaurant 2eme soir Acompte', '', 4, '2008-12-04', '4003106', 1),
(138, '', 1, 2, '2009-01-11', '', 75.80, 'Transport Pascal Martin', '', 4, '2009-01-11', '4003113', 1),
(139, '', 1, 13, '2008-12-31', '', 436.76, 'Sac goodies Qte (600) * PU TTC (1.42552)', '', 4, '2008-12-24', '4003104', 16),
(140, '', 1, 1, '2008-11-18', '', 1794.72, 'Tee-shirt Qte (226) * PU (7.94)', '', 4, '2008-11-18', '4003102', 16),
(143, '', 1, 20, '2008-12-31', '', 589.00, 'ElePHPant (2 cartons x 50) + 23= 273\r\nprix 4.79 (TTC)\r\n', '', 7, '2008-12-31', '', 16),
(144, '', 1, 15, '2008-12-03', 'Nathalie', 2050.00, 'Installation Stand solde', '', 4, '2008-12-03', '5618669', 1),
(145, '', 1, 2, '2008-12-09', '', 265.00, 'Transport William Candillon', '', 4, '2008-12-11', '5618675', 1),
(146, '', 1, 2, '2008-12-09', '', 62.80, 'Transport Gilles vanwormpought', '', 4, '2008-12-11', '5618676', 1),
(147, '', 1, 5, '2008-12-09', '', 12.00, 'Frais gestion compte Decembre', '', 5, '2008-12-09', '', 12),
(148, '', 1, 5, '2008-12-31', '', 56.55, 'Commission CB Decembre', '', 5, '2008-12-31', '', 12),
(150, '', 1, 1, '2008-12-22', '', 160.00, 'AG + journee dev 2009', '', 4, '2008-12-22', '5618670', 5),
(152, '', 1, 12, '2008-12-09', '', 3008.21, 'Location Asiem', '', 4, '2008-12-18', '5618679', 1),
(153, '', 2, 4, '2008-12-31', '', 110.00, 'Cotisation AFUP', '', 2, '2008-12-31', '', 11),
(154, '', 1, 4, '2008-12-31', '', 1.55, 'Frais cotisation', '', 2, '2008-12-31', '', 11),
(155, '', 2, 3, '2008-12-08', '', 300.00, 'inscription forum PHP 2007 (France Telecom)', '', 3, '2008-12-08', '', 4),
(156, '', 1, 13, '2008-12-08', '', 0.00, 'ElePHPant (pour rappel payer en 2007)', '', 5, '2008-12-08', '', 1),
(157, '', 1, 1, '2008-06-15', 'Nexen', 717.60, 'elePHPants 3 cartons de 50', '', 4, '2008-07-02', '4003096', 16),
(158, '', 2, 5, '2008-01-01', '', 2891.42, 'Solde compte courant 31-12-2007', '', 6, '2008-01-01', '', 12),
(159, '', 2, 10, '2008-01-01', '', 19949.92, 'Solde Livret A 01-01-2008', '', 6, '2008-01-01', '', 18),
(162, '', 2, 20, '2008-12-31', '', 589.00, 'Non depenser stock 2007', '', 7, '2008-12-31', '', 12),
(163, '', 2, 10, '2008-01-01', '', 353.77, 'Interet Livret A', '', 3, '2008-01-01', '', 18),
(164, '', 2, 10, '2008-11-03', '', 5220.00, 'Virement compte courant vers Livret A', '', 3, '2008-11-03', '', 18),
(167, '', 2, 10, '2008-06-30', '', 2540.00, 'vir compte courant', '', 3, '2008-06-30', '', 18),
(168, '', 1, 5, '2008-01-31', '', 1540.00, 'Virement sur Livret A', '', 3, '2008-02-01', '', 12),
(169, '', 1, 5, '2008-02-16', '', 2000.00, 'virement sur Livret A', '', 3, '2008-02-16', '', 12),
(170, '', 2, 5, '2008-04-01', '', 2000.00, 'Vir du Livret A', '', 3, '2008-04-01', '', 12),
(171, '', 2, 5, '2008-05-05', '', 400.00, 'vir de Livret A', '', 3, '2008-05-05', '', 12),
(172, '', 2, 5, '2008-06-04', '', 2000.00, 'vir Livret A', '', 3, '2008-06-04', '', 12),
(173, '', 1, 5, '2008-06-30', '', 2540.00, 'vir livret A', '', 3, '2008-07-01', '', 12),
(174, '', 2, 10, '2008-12-31', '', 832.29, 'Interet livret A', '', 3, '2008-12-31', '', 18),
(175, '', 1, 11, '2009-01-04', 'AL X communication', 1899.00, 'Prestations relations presses', 'AFUP-FR-05-09-266', 4, '2009-01-04', '4003114', 1),
(176, '', 1, 22, '2008-04-18', '', 28.12, 'Modification JO siege', '', 4, '2008-04-18', '4003138', 3),
(177, '', 1, 14, '2007-11-20', 'Hotel Eber', 176.00, 'Hotel conferencier', '017039', -1, '0000-00-00', '', 4),
(178, '', 1, 8, '2007-12-26', '', 25.95, 'timbres', '', -1, '0000-00-00', '', 3),
(179, '', 1, 12, '0000-00-00', 'FIAP', 86.00, 'rv afup', '', -1, '0000-00-00', '', 2),
(180, '', 1, 8, '2007-08-24', '', 4.86, 'timbre', '', -1, '0000-00-00', '', 3),
(181, '', 1, 13, '2007-06-27', 'Nexen', 3445.32, 'elephpants', '', -1, '0000-00-00', '', 4),
(182, '', 1, 8, '2007-06-12', '', 5.10, 'vignette', '', -1, '0000-00-00', '', 3),
(183, '', 1, 8, '2007-09-04', '', 1.30, 'timbre lettre', '', -1, '0000-00-00', '', 3),
(184, '', 1, 8, '2007-05-11', '', 7.26, 'vignette', '', -1, '0000-00-00', '', 3),
(185, '', 1, 12, '0000-00-00', 'Ageca', 99.50, 'Location salle AG', '', -1, '0000-00-00', '', 5),
(186, '', 1, 12, '0000-00-00', 'C imprimerie', 1528.49, 'Re-impression Livre blanc (2000 ex)', '', -1, '0000-00-00', '', 19),
(187, '', 1, 12, '0000-00-00', 'Paybox', 326.36, 'Renouvellement Paybox', 'FA70138', -1, '0000-00-00', '', 3),
(188, '', 1, 12, '0000-00-00', '', 160.00, 'Resto', '', -1, '0000-00-00', '', 15),
(189, '', 1, 12, '0000-00-00', '', 120.00, 'resto', '', -1, '0000-00-00', '', 5),
(190, '', 1, 12, '0000-00-00', 'MAIF', 327.14, 'Assurance', '', -1, '0000-00-00', '', 3),
(191, '', 1, 2, '2007-11-22', '', 101.13, 'Remboursement deplacement', '', -1, '0000-00-00', '', 4),
(192, '', 1, 14, '2007-11-22', 'Hotel de Beaune', 960.00, 'Hotel conferenciers', '', -1, '0000-00-00', '', 4),
(193, '', 1, 13, '2007-11-19', 'LJ2', 2835.02, 'tee shirt + mousqueton + chemise', '', -1, '0000-00-00', '', 4),
(194, '', 1, 11, '2007-11-29', 'AL X communication', 1869.00, 'comunication', '', -1, '0000-00-00', '', 4),
(195, '', 1, 12, '2007-11-20', 'Access', 556.14, 'Bache ', '', -1, '0000-00-00', '', 4),
(196, '', 1, 16, '2007-11-21', 'Chez clement', 1180.10, 'Resto 1er soir', '', -1, '0000-00-00', '', 4),
(197, '', 1, 16, '2007-11-21', '', 88.80, 'Bar 1er soir', '', -1, '0000-00-00', '', 4),
(198, '', 2, 13, '2008-02-01', '', 500.00, 'Goodies ElePHPants', '', 1, '2008-02-01', '', 20),
(199, '', 1, 4, '2008-12-01', '', 36.56, '', '', 1, '2008-12-01', '', 20),
(200, '', 2, 3, '2009-02-10', '', 240.00, 'Inscription Osiatis', '', 4, '0000-00-00', '', 1),
(201, '', 1, 11, '2009-01-17', '', 1500.00, 'PHP TV', '', 4, '0000-00-00', '', 1),
(202, '', 1, 18, '2009-01-19', '', 2000.00, 'Remboursement transport internationaux', '', 4, '0000-00-00', '', 1),
(203, '', 1, 5, '2009-01-02', 'Paybox', 340.72, 'Abonnement Paybox', 'FA900107', 5, '2009-01-26', '', 12),
(204, '', 1, 2, '2009-01-18', '', 184.13, 'Remboursement transport Lukas Smith', '', 3, '2009-01-23', '', 1),
(206, '', 1, 13, '2009-01-06', 'ELAO', 667.16, 'Autocollant - sac conferenciers - badge', 'B628', 4, '2009-01-22', '4003115', 1),
(207, '', 1, 15, '2009-01-17', 'FIAP', 485.00, 'AG 2009 - Salle FIAP', '12240', 4, '2009-01-29', '5618683', 15),
(208, '', 1, 11, '2009-01-25', 'OpenStates', 1657.54, 'Tournage et diffusion PHP TV', '0041', 4, '2009-08-14', '5618684', 1),
(209, '', 1, 15, '2009-03-30', 'cite des sciences', 1031.19, 'location salle CCV', '', 4, '2009-04-07', '5618685', 17),
(211, '', 1, 22, '2009-03-26', 'carrefour', 38.50, 'Trolley / valise', '13860022022227', 4, '2009-03-30', '5618686', 3),
(212, '', 1, 22, '2009-03-27', 'carrefour', 19.50, 'Grand sac &agrave; roulette', '', 4, '2009-03-31', '5618687', 3),
(215, '', 1, 11, '2009-11-29', 'OpensStates', 1000.00, 'Prestation PHP TV', '0056', 4, '2010-01-26', '5618723', 17),
(216, '', 1, 11, '2009-11-29', 'OpensStates', 1000.00, 'Couverture phptv Symfony live 2009', '0056', 4, '2010-01-26', '5618723', 21),
(218, '', 1, 13, '2009-11-03', 'Cardalis', 613.42, 'tour de cou + porte badge', 'FA06807', 4, '2009-10-30', '5618701', 17),
(219, '', 1, 2, '2009-11-17', '', 81.00, 'Transport conferencier Vallenton ', '', 4, '2009-11-17', '5618720', 17),
(220, '', 1, 2, '2009-11-17', '', 108.91, 'Transport conferencier Hardy', '', 4, '2009-11-17', '5618720', 17),
(221, '', 1, 2, '2009-11-12', '', 56.00, 'Transport conferencier Penet', '', 4, '2009-11-20', '5618721', 17),
(222, '', 1, 16, '2009-10-05', 'carrefour', 173.50, 'Reunion Organisation Forum (La Violette)', '', 4, '2009-10-05', '5618695', 17),
(223, '', 2, 12, '2009-11-14', '', 14.00, 'Retour accessoires carrefour\r\nVersement Villeneuve', '', 4, '2009-12-12', 'LCL 1271012', 17),
(224, '', 1, 14, '2009-10-02', 'Forest hill', 3410.00, 'Hotel', '', 4, '2009-10-09', '5618696', 17),
(225, '', 1, 25, '2009-11-13', '5 elements', 717.60, 'Structure Regie', 'FA100008', 4, '2009-11-12', '5618709', 17),
(226, '', 1, 8, '2009-10-24', '', 13.44, 'Timbres', '', 4, '2009-10-24', '5618703', 3),
(228, '', 1, 12, '2009-10-11', 'Speed rabbit', 65.40, 'Reunion Bureau', '', 4, '2009-10-20', '5618698', 3),
(230, '', 1, 15, '2009-06-15', '', 5155.96, 'Location salle - 2eme acompte', 'FAC200902422', 4, '2009-07-22', '5618694', 17),
(231, '', 1, 22, '2009-06-04', 'gandi', 71.76, 'Nom de Domaine forumphp.org', '2009060400737', 4, '2009-07-01', '5618691', 3),
(232, '', 1, 12, '2009-06-12', '', 143.50, 'Repas soir', '', 1, '2009-06-12', '', 21),
(235, '', 1, 15, '2009-04-01', 'Silicon sentier', 837.00, 'Acompte location salle barcamp', '090509-AFUP', 4, '2009-04-12', '5618689', 9),
(236, '', 1, 22, '2009-04-14', 'gandi', 71.76, 'Nom de domaine aperophp.net', '2009041400767', 4, '2009-04-23', '5618690', 3),
(237, '', 1, 8, '2009-04-20', '', 21.40, 'timbre', '', 1, '2009-04-20', '', 3),
(238, '', 1, 12, '2009-04-16', 'Speed Rabbit', 77.60, 'Reunion', '', -1, '0000-00-00', '', 3),
(239, '', 1, 16, '2009-04-02', '', 30.00, 'repas midi', '', 1, '2009-04-02', '', 10),
(240, '', 1, 16, '2009-04-02', 'franprix', 8.25, 'eau', '', 1, '2009-04-02', '', 10),
(241, '', 1, 15, '2009-10-26', '', 250.00, 'vestiaire', '', 4, '2009-10-28', '4003116', 17),
(242, '', 1, 25, '2009-10-29', '', 4000.00, 'Acompte stand am&eacute;nagement ', '', 4, '2009-10-29', '4003119', 17),
(244, '', 1, 13, '2009-11-11', 'carrefour', 754.74, 'Pack conferencier', '', 4, '2009-11-17', '5618707', 17),
(245, '', 2, 17, '2009-11-18', '', 700.00, 'sponsor bronze Codeur.com', '', 3, '2009-11-20', '', 17),
(246, '', 2, 17, '2009-11-18', '', 471.22, 'participation goodie&#039;s blocs', '', 3, '2009-12-22', '', 17),
(247, '', 2, 17, '2009-11-18', '', 3000.00, 'sponsor silver adobe', '', 3, '2009-12-22', '', 17),
(248, '', 2, 17, '2009-11-18', '', 3000.00, 'Sponsor silver zend', '', 4, '2009-12-31', '', 17),
(249, '', 2, 17, '2009-11-18', '', 3000.00, 'Sponsor Silver Sensio Labs', '', 3, '2010-01-08', '', 17),
(250, '', 2, 17, '2009-11-18', '', 3000.00, 'Sponsor silver Microsoft', '', -1, '0000-00-00', '', 17),
(251, '', 2, 17, '2009-11-18', '', 700.00, 'sponsor Bronze Herve Schauer consultants', '', 4, '2009-12-15', '9122783', 17),
(252, '', 2, 17, '2009-11-18', '', 700.00, 'sponsor Bronze 4D', '', 4, '2009-12-15', '9842029', 17),
(253, '', 2, 17, '2009-11-18', '', 4500.00, 'Sponsor Or Alter Way', '', 4, '2009-12-28', '', 17),
(254, '', 2, 13, '2009-09-30', '', 229.13, 'Adoption ElePHPants ', '', 8, '2009-09-30', '', 3),
(255, '', 2, 13, '2009-06-30', '', 150.00, 'vente elephpant solinux', '', 4, '2009-12-12', '00000384', 3),
(256, '', 1, 2, '2009-12-05', '', 89.00, 'transport conferencier Allaert', '', -1, '0000-00-00', '', 17),
(257, '', 1, 5, '2009-10-06', '', 12.00, 'Frais gestion compte Octobre', '', 5, '2009-10-06', '', 12),
(258, '', 1, 5, '2009-11-06', '', 12.00, 'Frais gestion compte Novembre', '', 5, '2009-11-06', '', 12),
(259, '', 1, 5, '2009-09-06', '', 12.00, 'Frais gestion compte Septembre', '', 5, '2009-09-06', '', 12),
(260, '', 1, 5, '2009-08-06', '', 12.00, 'Frais gestion compte Aout', '', 5, '2009-08-06', '', 12),
(261, '', 1, 5, '2009-06-06', '', 12.00, 'Frais gestion compte Juin', '', 5, '2009-06-06', '', 12),
(262, '', 1, 5, '2009-05-06', '', 12.00, 'Frais gestion compte Mai', '', 5, '2009-05-06', '', 12),
(263, '', 1, 5, '2009-04-06', '', 12.00, 'Frais gestion compte Avril', '', 5, '2009-04-06', '', 12),
(264, '', 1, 5, '2009-03-06', '', 12.00, 'Frais gestion compte Mars', '', 5, '2009-03-06', '', 12),
(265, '', 1, 5, '2009-12-06', '', 12.00, 'Frais gestion compte Decembre', '', 5, '2009-12-06', '', 12),
(266, '', 1, 5, '2009-01-06', '', 12.00, 'Frais gestion compte Janvier', '', 5, '2009-01-06', '', 12),
(267, '', 1, 5, '2009-02-06', '', 12.00, 'Frais gestion compte Fevrier', '', 5, '2009-02-06', '', 12),
(268, '', 1, 5, '2009-07-06', '', 12.00, 'Frais gestion compte Juillet', '', 5, '2009-07-06', '', 12),
(269, '', 2, 3, '2009-09-30', '', 2070.00, 'Inscription Forum Septembre 2009', '', 2, '2009-09-30', '', 17),
(270, '', 2, 3, '2009-10-30', '', 9960.00, 'Inscription Forum Octobre 2009', '', 2, '2009-10-30', '', 17),
(271, '', 2, 3, '2009-11-30', '', 1860.00, 'Inscription Forum Nov 2009', '', 3, '0000-00-00', '', 17),
(272, '', 2, 3, '2009-12-31', '', 2770.00, 'Inscription Forum Dec 2009', '', 4, '2009-12-31', '', 17),
(273, '', 2, 5, '2009-01-01', '', 6096.01, 'Solde compte courant 01-01-2009', '', 6, '2009-01-01', '', 12),
(274, '', 2, 10, '2009-01-01', '', 28035.98, 'Solde Livret A 01-01-2009', '', 6, '2009-01-01', '', 18),
(275, '', 2, 5, '2009-01-05', '', 12.94, 'Interets', '', 3, '2009-01-05', '', 3),
(276, '', 2, 4, '2009-01-31', '', 170.00, 'Adhesion AFUP Janvier', '', 2, '2009-01-31', '', 11),
(277, '', 2, 3, '2009-01-31', '', 630.00, 'Inscriptions Forum 2008 janv', '', 3, '2009-01-31', '', 1),
(279, '', 2, 3, '2009-11-30', '', 11790.00, 'Inscription forum nov 2009', '', 2, '2009-11-30', '', 17),
(281, '', 2, 4, '2009-11-30', '', 90.00, 'Cotisation Novembre AFUP', '', 3, '2009-11-30', '', 11),
(284, '', 2, 13, '2009-11-13', '', 763.69, 'Goodies+Divers pour le forum PHP', '', 1, '2009-11-13', '', 17),
(285, '', 1, 16, '2009-11-12', '', 342.00, 'Repas midi 1er jour', '', 4, '2009-11-12', '5618710', 17),
(286, '', 1, 16, '2009-12-12', 'La violette', 1909.50, 'Restaurant la violette 1er soir', '', 4, '2009-11-16', '4003121', 17),
(287, '', 1, 16, '2009-11-13', '', 316.35, 'Repas midi 2eme jour', '', 4, '2009-11-13', '5618712', 17),
(288, '', 1, 12, '2009-12-11', '', 10.50, 'Envoie goodie&#039;s ElRoubio pour remerciement Graph', '', 1, '2009-12-11', '', 17),
(289, '', 1, 16, '2009-11-13', 'Dock cafe', 219.00, 'Repas 2eme soir', '', 1, '2009-11-13', '', 17),
(291, '', 1, 22, '2009-11-18', 'Gandi', 71.76, 'Nom de domaine Afup.org', '2009111800922', 4, '2009-11-17', '5618719', 3),
(292, '', 1, 16, '2009-11-12', 'La Violette', 500.00, 'Restaurant le 1er soir', '', 4, '2009-11-10', '5618705', 17),
(294, '', 1, 2, '2009-11-13', '', 112.50, 'Transport conferencier Johannes', '', 1, '2009-11-13', 'espece', 17),
(295, '', 1, 16, '2009-10-28', '', 159.91, 'Participation Barcamp Toulouse', '', 4, '2009-11-26', '4003120', 9),
(296, '', 1, 15, '2009-11-10', 'Europcar', 113.17, 'transport v&eacute;hicule Europcart', '', 1, '2009-11-30', 'ok', 17),
(297, '', 1, 22, '2009-02-06', '', 333.52, 'Assurance MAIF', '', 5, '2009-01-07', '', 3),
(298, '', 1, 2, '2009-01-21', '', 610.80, 'Transport conferencier etranger', '', 3, '2009-01-23', '', 1),
(299, '', 1, 16, '2009-02-06', '', 125.20, 'Repas midi', '', 4, '2009-01-23', '5618681', 15),
(300, '', 1, 15, '2009-01-02', '', 112.00, 'AG 2007 - AGECA', '', 4, '2009-01-26', '5618680', 5),
(301, '', 1, 4, '2009-01-31', '', 2.45, 'Frais commission CB', '', 5, '2009-01-31', '', 11),
(302, '', 2, 4, '2009-12-31', '', 320.00, 'Cotisation AFUP', '', 2, '2009-12-31', '', 11),
(303, '', 1, 4, '2009-12-31', '', 2.20, 'Frais commission CB', '', 5, '2009-12-31', '', 11),
(304, '', 1, 10, '2009-12-31', '', 1044.32, 'Virement Livret A', '', 3, '2009-12-31', '', 3),
(305, '', 1, 2, '2009-12-15', '', 545.19, 'Transport conferencier Philippe Gamache', '', 3, '2009-12-15', '', 17),
(306, '', 1, 1, '2009-12-06', '', 4565.56, 'ElePHPant', '', 4, '2009-12-16', '5618722', 3),
(307, '', 1, 1, '2009-12-06', '', 51.00, 'Solde reglement ElePHPant', '', 4, '2009-12-30', '5618724', 3),
(308, '', 1, 16, '2009-11-11', '', 21.68, 'Fournitures diverses (consommables)', '', 4, '2009-12-22', '5618708', 17),
(309, '', 2, 5, '2009-02-06', '', 1044.32, 'Virement compte courant', '', 3, '2009-12-31', '', 18),
(310, '', 2, 10, '2009-12-31', '', 559.00, 'Interet 2009', '', 3, '2009-12-31', '', 18),
(311, '', 2, 4, '2009-08-31', '', 70.00, 'Cotisation aout Afup', '', 4, '2009-08-31', '', 11),
(312, '', 2, 6, '2009-08-06', '', 20.00, 'Remise de cheque', '', 4, '2009-08-06', '', 3),
(313, '', 2, 4, '2009-08-06', '', 140.00, 'Adhesion AFUP', '', 4, '2009-08-06', '', 11),
(314, '', 1, 4, '2009-02-06', '', 0.30, 'Frais commission CB', '', 3, '2009-08-31', '', 11),
(315, '', 1, 10, '2009-07-08', '', 2500.00, 'Virement pour compte courant', '', 3, '2009-07-01', '', 18),
(316, '', 2, 5, '2009-07-08', '', 2500.00, 'virement du livret A', '', 3, '2009-07-08', '', 12),
(317, '', 2, 5, '2009-07-01', '', 373.07, 'virement', '', 3, '2009-07-01', '', 18),
(318, '', 1, 5, '2009-07-01', '', 373.07, 'virement vers livret A', '', 3, '2009-07-01', '', 12),
(319, '', 1, 22, '2009-06-28', '', 77.60, 'Reunion du 16/04/09', '', 4, '2009-07-01', '5618693', 3),
(320, '', 2, 5, '2009-07-02', '', 9.62, 'interets crediteurs', '', 3, '2009-07-02', '', 12),
(321, '', 2, 3, '2009-02-07', '', 120.00, 'inscription forum 2008', '', 3, '2009-07-02', '', 1),
(322, '', 2, 4, '2009-07-31', '', 120.00, 'Cotisation juillet AFUP', '', 2, '2009-07-31', '', 11),
(323, '', 2, 3, '2009-07-15', '', 780.00, 'Inscription France Telecom Forum 2008', '', 3, '2009-07-15', '', 1),
(324, '', 2, 13, '2009-07-06', '', 45.90, 'Adoption elePHPant', '', 3, '2009-07-06', '', 3),
(325, '', 1, 4, '2009-07-31', '', 3.20, 'Frais commission CB', '', 5, '2009-07-31', '', 11),
(326, '', 2, 5, '2009-06-02', '', 244.50, 'virement du compte courant', '', 3, '2009-06-02', '', 18),
(327, '', 1, 5, '2009-06-02', '', 244.50, 'virement sur livret A', '', 3, '2009-06-02', '', 12),
(328, '', 2, 13, '2009-06-25', '', 128.00, 'adoption elephpant (Jyxo Sro)', '', 3, '2009-06-25', '', 3),
(329, '', 2, 3, '2009-05-11', '', 150.00, 'Pr&eacute;-inscription Mai Forum 2009', '', 2, '2009-05-11', '', 17),
(330, '', 2, 5, '2009-04-15', 'carrefour', 38.50, 'Remboursement trolley', '', 4, '2009-04-22', '', 3),
(331, '', 1, 13, '2009-10-28', 'Les grandes imprimeries', 489.16, 'Bloc Adobe', 'LGI-41232', 4, '2009-10-21', '5618699', 17),
(332, '', 1, 13, '2009-11-13', '', 173.42, 'Sac conferencier complement', '', 4, '2009-11-13', '5618716', 17),
(333, '', 1, 2, '2009-11-13', '', 109.90, 'Transport conferencier Raphael Rougeron', '', 4, '2009-11-13', '5618717', 17),
(335, '', 1, 3, '2009-12-23', '', 40.00, 'Inscription societe Eptimum trop percu', '', 4, '2010-01-23', '5618725', 17),
(336, '', 1, 2, '2009-01-13', '', 52.00, 'Transport Projet PHP (Enderlin)', '', 4, '2010-01-13', '5618726', 17),
(337, '', 1, 11, '2010-01-14', 'AL X communication', 2517.00, 'Communication presse', '', 4, '2010-01-26', '5618727', 17),
(338, '', 1, 15, '2009-12-01', '', 12747.00, 'Solde cit&eacute; des sciences', '', 4, '2010-01-01', '5618728', 17),
(339, '', 1, 22, '2010-02-01', '', 137.90, 'Reunion organisation', '', 4, '2010-02-01', '5618729', 22),
(340, '', 1, 25, '2009-11-13', '', 2000.00, 'Prestation stand petits d&eacute;jeun&eacute;s', '', 4, '2009-11-13', '5618715', 17),
(341, '', 1, 25, '2009-11-13', '', 2575.00, 'Salle stand', '', 4, '2009-11-13', '5618714', 17),
(342, '', 1, 2, '2009-11-13', '', 119.00, 'Transport projet cacke PHP', '', 4, '2010-01-13', '5618713', 17),
(343, '', 1, 15, '2009-10-24', '', 4124.76, 'salle cite des sciences acompte', '', 4, '2009-11-12', '5618704', 17),
(344, '', 1, 13, '2009-10-19', '', 1604.67, 'Les mugs', '', 4, '2009-10-19', '5618702', 17),
(345, '', 1, 15, '2009-10-07', '', 837.40, 'Solde Barcamp La cantine', '', 4, '2009-10-07', '5618697', 9),
(346, '', 2, 3, '2009-04-30', '', 100.00, 'Pr&eacute;-Inscription Forum Avril 2009', '', 2, '2009-04-29', '', 17),
(348, '', 2, 3, '2009-06-30', '', 260.00, 'Pr&eacute;-inscription juin (100 + 160)', '', 2, '2009-06-30', '', 17),
(349, '', 1, 3, '2009-11-08', '', 50.00, 'Adhesion AFUL', '', 8, '2009-11-08', '', 3),
(350, '', 1, 3, '2009-12-04', '', 180.00, 'Annulation inscription etranger', '', 2, '2009-12-04', '', 17),
(351, '', 1, 12, '2009-11-30', '', 102.25, 'commission CB (adhesion + forum)', '', 2, '2009-11-30', '', 11),
(352, '', 1, 10, '2009-10-07', '', 5000.00, 'Virement interne compte courant', '', 3, '2009-10-07', '', 18),
(353, '', 2, 10, '2009-10-31', '', 1616.72, 'virement livret A', '', 3, '2009-10-31', '', 18),
(354, '', 2, 5, '2009-10-05', '', 3.73, 'interet crediteurs', '', 3, '2009-10-05', '', 12),
(355, '', 2, 10, '2009-10-07', '', 5000.00, 'virement du livret A', '', 3, '2009-10-07', '', 12),
(356, '', 2, 3, '2009-10-20', '', 500.00, 'inscription octobre Forum ', '', 4, '2009-10-20', '', 17),
(357, '', 1, 10, '2009-10-31', '', 1616.72, 'Virement livret A', '', 3, '2009-10-31', '', 12),
(358, '', 2, 4, '2009-09-30', '', 20.00, 'Cotisation septembre AFUP', '', 2, '2009-09-30', '', 11),
(359, '', 1, 22, '2009-09-30', '', 24.95, 'Commission CB', '', 3, '2009-09-30', '', 17),
(360, '', 1, 22, '2010-01-19', '', 982.00, 'Tirage (Sticker + badges+affiches..)', '', 4, '2010-01-19', '4003122', 17),
(361, '', 2, 3, '2010-01-31', '', 2440.00, 'Inscription Janvier pour Forum 2009', '', 3, '2010-01-31', '', 17),
(362, '', 2, 3, '2009-02-28', '', 1260.00, 'Inscription Forum 2008 Fevrier ', '', 4, '2009-02-28', '', 1),
(363, '', 2, 4, '2009-02-28', '', 60.00, 'Adhesion Afup Fevrier', '', 2, '2009-02-28', '', 11),
(364, '', 1, 4, '2010-02-28', '', 0.90, 'Frais CB', '', 2, '2009-02-28', '', 11),
(365, '', 1, 16, '2009-01-17', '', 286.00, 'Repas AG 2009', '', 4, '2009-02-17', '5618682', 5),
(366, '', 2, 3, '2009-03-23', '', 120.00, 'Inscription Forum 2008 Mars', '', 3, '2009-03-23', '', 1),
(367, '', 2, 4, '2009-03-31', '', 40.00, 'Adh&eacute;sion AFUP Mars', '', 2, '2009-03-31', '', 11),
(368, '', 1, 4, '2009-03-31', '', 0.60, 'Frais CB', '', 5, '2009-03-31', '', 11),
(371, '', 2, 10, '2009-05-02', '', 3270.15, 'Compte courant', '', 3, '2009-05-02', '', 18),
(372, '', 2, 10, '2009-04-16', '', 1390.00, 'Adoption elePHPants + divers tshirts ', '', 1, '2009-04-16', '', 10),
(373, '', 2, 5, '2009-04-03', '', 15.56, 'Interets crediteurs', '', 3, '2009-04-03', '', 3),
(374, '', 2, 4, '2009-04-30', '', 530.00, 'cotisation Avril', '', 4, '2009-04-30', '', 11),
(375, '', 2, 13, '2009-04-30', '', 97.50, 'Adoption ElePHPant', '', 4, '2009-04-30', '', 3),
(376, '', 1, 20, '2009-04-03', 'NAOSS', 304.98, 'entrepot de stockage', '', 4, '2009-04-03', '5618688', 3),
(377, '', 1, 4, '2009-04-30', '', 2.55, 'frais CB', '', 5, '2009-04-30', '', 11),
(378, '', 2, 4, '2009-05-31', '', 110.00, 'Adhesion AFUP', '', 2, '2009-05-31', '', 11),
(379, '', 1, 4, '2009-05-31', '', 3.50, 'Frais CB', '', 5, '2009-05-31', '', 11),
(380, '', 1, 5, '2009-05-02', '', 3270.15, 'virement livret A', '', 3, '2009-05-02', '', 12),
(381, '', 2, 4, '2009-06-30', '', 110.00, 'Adhesion AFUP', '', 2, '2009-06-30', '', 11),
(382, '', 1, 16, '2009-06-03', '', 108.00, 'Restaurant Primo', '', 4, '2009-06-18', '5618692', 17),
(383, '', 1, 4, '2009-06-30', '', 4.93, 'Frais CB', '', 5, '2009-06-30', '', 11),
(384, '', 2, 14, '2009-11-17', 'Forest Hill', 170.00, 'Remboursement trop vers&eacute;', '', 4, '2009-12-22', '', 17),
(385, '', 1, 5, '2009-01-09', '', 9.00, 'Frais service Eparplus', '', 5, '2009-01-09', '', 12),
(386, '', 2, 13, '2009-01-12', '', 48.00, 'Remboursement Avance goodies Oracle', '', 4, '2009-01-12', '', 1),
(388, '', 1, -1, '2009-10-30', '', 120.67, 'Commission CB', '', 5, '2009-10-30', '', 12),
(389, '', 2, 10, '2009-04-16', '', 1540.00, 'Remise Espece suite Salon Linux', '', 3, '2009-04-16', '', 18),
(390, '', 1, 6, '2009-04-16', '', 1540.00, 'Depot sur livret A', '', 1, '2009-04-16', '', 20),
(391, '', 1, 13, '2009-11-03', '', 392.29, 'tour de cou (100 rouge + 100 gris + 200 bleu) * PU TTC (0,98072)', '', 4, '2009-10-30', '5618701', 16),
(392, '', 1, 13, '2009-11-03', '', 78.94, 'Porte badge Qte : 600 x PU TTC (0,13156)', '', 4, '2009-10-30', '5618701', 16),
(393, '', 1, 20, '2009-12-31', '', 463.29, 'sac visiteur (Quantite : 325) * PU TTC (1.42552)', '', 7, '2009-12-31', '', 16),
(394, '', 1, 13, '2009-10-19', '', 597.59, 'Mug : quantite 180 (5x36) x PU TTC (3.32)', '', 4, '2009-10-19', '5618702', 16),
(395, '', 1, 13, '2009-12-31', '', 1087.78, 'T shirt\r\nHomme : 50 L + 26 XL + 6 M\r\nFemme : 30 S + 25 M\r\n* PU (7.94)', '', 7, '2009-12-31', '', 16),
(396, '', 1, 13, '2009-11-19', '', 669.76, '8 gros elephpants x PU TTC (83.72)', '', 7, '2009-12-31', '', 16),
(397, '', 1, 13, '2009-11-19', 'Nexen', 334.88, 'tirage au sort : 4 gros elephpants ', '13818', 4, '2009-12-16', '5618722', 17),
(398, '', 1, 13, '2009-11-19', '', 2750.44, 'Petits elePHPants : quantite 418 ((16x25)+18) x PU TTC : 6.58', '', 7, '2009-12-04', '', 16),
(399, '', 2, 13, '2009-12-31', '', 3420.20, 'Provision des elePHPants =&gt; Petits et gros', '', 7, '2009-12-31', '', 3),
(400, '', 2, 23, '2009-01-01', '', 463.44, 'Reprise solde', '', 1, '2009-01-01', '', 20),
(401, '', 1, 1, '2009-01-16', 'Carrefour', 4.50, '1 prise multiple', '', 1, '2009-01-16', '', 3),
(403, '', 1, 8, '2009-03-06', '', 6.30, 'Exp&eacute;dition elePHPant Mars 2009', '', 1, '2009-03-06', '', 3),
(404, '', 1, 8, '2009-04-30', '', 39.00, 'Exp&eacute;dition elePHPant Avril 2009', '', 1, '2009-04-30', '', 3),
(405, '', 1, 8, '2009-05-31', '', 15.90, 'Exp&eacute;dition elePHPant Mai 2009', '', 1, '2009-05-31', '', 3),
(406, '', 1, 8, '2009-06-29', '', 5.50, 'Exp&eacute;dition elePHPant Juin 2009', '', 1, '2009-06-29', '', 3),
(407, '', 1, 8, '2010-07-31', '', 60.00, 'Exp&eacute;dition elePHPant Juillet 2009', '', 1, '2009-07-31', '', 3),
(408, '', 1, 8, '2009-08-31', '', 52.00, 'Exp&eacute;dition elePHPant Aout 2009', '', 1, '2009-10-31', '', 3),
(409, '', 1, 8, '2009-09-30', '', 55.45, 'Exp&eacute;dition elePHPant septembre 2009', '', 1, '2009-09-30', '', 3),
(410, '', 1, 4, '2009-11-30', '', 0.00, 'Frais CB', '', 5, '2009-10-30', '', 11),
(411, '', 1, 4, '2009-09-30', '', 0.00, 'Frais CB', '', 5, '2009-09-30', '', 11),
(412, '', 1, 4, '2009-08-31', '', 0.00, 'Frais CB', '', 8, '2009-08-31', '', 11),
(413, '', 2, 13, '2009-04-20', '', 35.90, 'Adoption elePHPant', '', 3, '2009-04-20', '', 3),
(414, '', 2, 13, '2009-05-23', '', 24.77, 'Adoption elePHPant', '', 8, '2009-05-23', '', 3),
(415, '', 2, 13, '2009-06-29', '', 31.00, 'Adoption elePHPant', '', 4, '2009-08-04', '', 3),
(416, '', 2, 13, '2009-08-31', '', 246.27, 'Adoption elephpant', '', 8, '2009-08-31', '', 3),
(417, '', 2, 13, '2009-10-17', '', 30.00, 'Adoption elePHPants', '', 4, '2009-10-17', '', 3),
(418, '', 2, 24, '2009-12-13', '', 83.09, 'Complement Transport anna Filina', '', 8, '2009-12-13', '', 3),
(419, '', 1, 2, '2009-12-13', '', 523.87, 'Transport Anna Filina', '', 8, '2009-12-13', '', 17),
(420, '', 1, 13, '2009-05-23', '', 1.13, 'Frais Paypal', '', 8, '2009-05-23', '', 3),
(421, '', 1, 22, '2010-08-31', '', 8.26, 'Frais Paypal', '', 8, '2009-08-31', '', 23),
(422, '', 2, 20, '2009-01-01', '', 1306.60, 'Reprise stock ElePHPant', '', 7, '2009-01-01', '', 16),
(423, '', 2, 20, '2009-01-01', '', 1794.00, 'Reprise Tshirt', '', 7, '2009-01-01', '', 16),
(424, '', 2, 20, '2009-01-01', '', 436.76, 'Reprise Sacs visiteurs', '', 7, '2009-01-01', '', 16),
(425, '', 1, 13, '2009-11-13', '', 218.38, 'Sac visiteurs', '', 7, '2009-11-13', '', 17),
(426, '', 1, 2, '2009-11-13', '', 4.20, 'Parking pour chercher les Goodies Conferenciers', '', 4, '2009-11-13', '5618716', 17),
(427, '', 1, 13, '2009-10-21', '', 40.84, 'Suppl&eacute;ment pour commande des blocs (au cas ou)', '', 4, '2009-10-21', '5618699', 17),
(428, '', 1, 22, '2009-07-01', '', 76.90, 'Reunion', '', 4, '2009-07-01', '5618693', 3),
(429, '', 2, 5, '2010-01-01', '', 11500.00, 'Solde compte courant 01-01-2010', '', 6, '2010-01-01', '', 12),
(430, '', 2, 10, '2010-01-01', '', 29183.74, 'Solde livret A 01-01-2010', '', 6, '2010-01-01', '', 18),
(431, '', 2, 23, '2010-01-01', '', 384.72, 'Solde Espece 01-01-2010', '', 1, '2010-01-01', '', 20),
(432, '', 2, 4, '2009-04-16', '', 150.00, 'Adhesion AFUP', '', 1, '2009-04-02', '', 11),
(433, '', 2, 4, '2009-11-13', '', 40.00, 'Adhesion AFUP', '', 1, '2009-11-13', '', 11),
(434, '', 2, 2, '2009-11-21', '', 40.84, 'remboursement trop avance pour les blocs', '', 1, '2009-11-21', '', 17),
(435, '', 1, 15, '2009-11-11', '', 27.03, 'Assurance en plus (a cause vehicule diff&eacute;rent) location europcar', '', 1, '2009-11-11', 'ok', 17),
(436, '', 2, 4, '2010-01-20', '', 20.00, 'adhesion AFUP', '', 1, '2010-01-20', '', 11),
(437, '', 2, 4, '2010-02-01', '', 20.00, 'Adhesion AFUP feverier', '', 1, '2010-02-01', '', 11),
(438, '', 2, 4, '2010-03-30', '', 60.00, 'adhesion afup mars', '', 1, '2010-03-30', '', 11),
(439, '', 1, 8, '2010-08-21', '', 6.96, 'achat timbres', '', 1, '2010-08-21', '', 20),
(440, '', 2, 13, '2010-04-02', '', 1285.00, 'Goodies', '', 1, '2010-04-02', '', 10),
(441, '', 1, 10, '2010-04-24', '', 1275.00, 'depot espece', '', 1, '2010-04-24', '', 20),
(442, '', 1, 16, '2010-03-17', '', 4.20, 'repas', '', 1, '2010-03-17', '', 10),
(443, '', 1, 16, '2010-02-13', '', 21.00, 'consommation', '', 1, '2010-02-13', '', 5),
(444, '', 1, 16, '2010-02-13', '', 86.00, 'repas midi', '', 1, '2010-02-13', '', 5),
(445, '', 2, 13, '2010-08-10', '', 50.00, 'vente elePhpants', '', 1, '2010-08-10', '', 20);

-- --------------------------------------------------------

--
-- Structure de la table `compta_categorie`
--

CREATE TABLE IF NOT EXISTS `compta_categorie` (
  `id` tinyint(5) NOT NULL AUTO_INCREMENT,
  `idevenement` int(11) NOT NULL,
  `categorie` varchar(50) NOT NULL,
  PRIMARY KEY (`id`)
) ENGINE=MyISAM  DEFAULT CHARSET=latin1 AUTO_INCREMENT=26 ;

--
-- Contenu de la table `compta_categorie`
--

INSERT INTO `compta_categorie` (`id`, `idevenement`, `categorie`) VALUES
(1, 0, 'Facture'),
(2, 0, 'Remboursement'),
(3, 1, 'Inscription'),
(4, 0, 'Cotisation AFUP'),
(5, 12, 'Banque - Compte courant'),
(6, 12, 'Banque - Remise Cheque'),
(7, 12, 'Banque - Retour Impaye'),
(8, 0, 'La Poste'),
(10, 12, 'Banque - Livret A'),
(11, 1, 'Communication'),
(12, 1, 'Divers'),
(13, 1, 'Goodies'),
(14, 1, 'Hotel'),
(15, 1, 'Location'),
(16, 1, 'Nourriture'),
(17, 1, 'Sponsor'),
(18, 1, 'Transport'),
(20, 0, 'Stock'),
(22, 0, 'Administratif'),
(23, 0, 'Banque - Espece'),
(24, 0, 'Banque - Paypal'),
(25, 0, 'Prestation');

-- --------------------------------------------------------

--
-- Structure de la table `compta_evenement`
--

CREATE TABLE IF NOT EXISTS `compta_evenement` (
  `id` tinyint(5) NOT NULL AUTO_INCREMENT,
  `evenement` varchar(50) NOT NULL,
  PRIMARY KEY (`id`)
) ENGINE=MyISAM  DEFAULT CHARSET=latin1 AUTO_INCREMENT=24 ;

--
-- Contenu de la table `compta_evenement`
--

INSERT INTO `compta_evenement` (`id`, `evenement`) VALUES
(1, 'Forum 2008'),
(2, 'RV AFUP'),
(3, 'Tresorerie'),
(4, 'Forum 2007'),
(5, 'AG'),
(8, ''),
(9, 'Barcamp'),
(10, 'Salon Linux'),
(11, 'Adhesion AFUP'),
(12, 'Compte Courant'),
(13, 'Site Internet'),
(14, 'PHP TV'),
(15, 'Journee Dev'),
(16, 'Stock'),
(17, 'Forum 2009'),
(18, 'Compte Livret A'),
(19, 'Livre blanc'),
(20, 'Compte Espece'),
(21, 'Symfony live 2009'),
(22, 'Forum 2010'),
(23, 'Compte Paypal');

-- --------------------------------------------------------

--
-- Structure de la table `compta_operation`
--

CREATE TABLE IF NOT EXISTS `compta_operation` (
  `id` tinyint(5) NOT NULL AUTO_INCREMENT,
  `operation` varchar(50) NOT NULL,
  PRIMARY KEY (`id`)
) ENGINE=MyISAM  DEFAULT CHARSET=latin1 AUTO_INCREMENT=3 ;

--
-- Contenu de la table `compta_operation`
--

INSERT INTO `compta_operation` (`id`, `operation`) VALUES
(1, 'Depense'),
(2, 'Recette');

-- --------------------------------------------------------

--
-- Structure de la table `compta_periode`
--

CREATE TABLE IF NOT EXISTS `compta_periode` (
  `id` tinyint(5) NOT NULL AUTO_INCREMENT,
  `date_debut` date NOT NULL,
  `date_fin` date NOT NULL,
  `verouiller` tinyint(1) NOT NULL,
  PRIMARY KEY (`id`)
) ENGINE=MyISAM  DEFAULT CHARSET=latin1 AUTO_INCREMENT=5 ;

--
-- Contenu de la table `compta_periode`
--

INSERT INTO `compta_periode` (`id`, `date_debut`, `date_fin`, `verouiller`) VALUES
(1, '2007-01-01', '2007-12-31', 0),
(2, '2008-01-01', '2008-12-31', 0),
(3, '2009-01-01', '2009-12-31', 0),
(4, '2010-01-01', '2010-12-31', 0);

-- --------------------------------------------------------

--
-- Structure de la table `compta_reglement`
--

CREATE TABLE IF NOT EXISTS `compta_reglement` (
  `id` tinyint(5) NOT NULL AUTO_INCREMENT,
  `reglement` varchar(50) NOT NULL,
  PRIMARY KEY (`id`)
) ENGINE=MyISAM  DEFAULT CHARSET=latin1 AUTO_INCREMENT=9 ;

--
-- Contenu de la table `compta_reglement`
--

INSERT INTO `compta_reglement` (`id`, `reglement`) VALUES
(1, 'Espece'),
(2, 'Carte Bleue'),
(3, 'Virement'),
(4, 'Cheque'),
(5, 'Prelevement'),
(6, 'Solde banque'),
(7, 'Provision'),
(8, 'paypal');

-- --------------------------------------------------------

--
-- Structure de la table `compta_simulation`
--

CREATE TABLE IF NOT EXISTS `compta_simulation` (
  `id` tinyint(5) NOT NULL AUTO_INCREMENT,
  `idclef` varchar(20) NOT NULL,
  `idcategorie` int(11) NOT NULL,
  `montant_theo` double(11,2) NOT NULL,
  `description` varchar(255) NOT NULL,
  `idevenement` tinyint(5) NOT NULL,
  `idoperation` tinyint(5) NOT NULL,
  `periode` date NOT NULL,
  `verouiller` tinyint(1) NOT NULL,
  PRIMARY KEY (`id`)
) ENGINE=MyISAM  DEFAULT CHARSET=latin1 AUTO_INCREMENT=31 ;

--
-- Contenu de la table `compta_simulation`
--

INSERT INTO `compta_simulation` (`id`, `idclef`, `idcategorie`, `montant_theo`, `description`, `idevenement`, `idoperation`, `periode`, `verouiller`) VALUES
(1, '', 7, 5155.96, 'Acompte cite des sciences', 1, 1, '2009-01-01', 0),
(2, '', 7, 4124.76, 'La cite des sciences', 1, 1, '2009-01-01', 0),
(3, '', 4, 530.00, 'Remboursement billet Avion Philippe Gamache', 1, 1, '2009-01-01', 0),
(4, '', 6, 0.00, 'Sac papiers', 1, 1, '2009-01-01', 0),
(5, '', 1, 3300.00, '30 x 110', 1, 1, '2009-01-01', 0),
(6, '', 6, 2202.26, 'Mugs', 1, 1, '2009-01-01', 0),
(7, '', 6, 1084.65, 'porte badges + tour de cou', 1, 1, '2009-01-01', 0),
(8, '', 4, 530.00, 'Remboursement Anna Filiana', 1, 1, '2009-01-01', 0),
(9, '', 8, 4500.00, 'Or : Alter Way', 1, 2, '2009-01-01', 0),
(10, '', 8, 3000.00, 'Silver : Sensio', 1, 2, '2009-01-01', 0),
(11, '', 8, 3000.00, 'Silver : Microsoft', 1, 2, '2009-01-01', 0),
(12, '', 8, 3000.00, 'Silver : Zend', 1, 2, '2009-01-01', 0),
(13, '', 8, 700.00, 'Bronze : 4D', 1, 2, '2009-01-01', 0),
(14, '', 8, 3000.00, 'Silver : Adobe', 1, 2, '2009-01-01', 0),
(15, '', 8, 700.00, 'Bronze : codeur.com', 1, 2, '2009-01-01', 0),
(16, '', 8, 700.00, 'Bronze : HSC', 1, 2, '2009-01-01', 0),
(17, '', 9, 10800.00, 'Inscriptions 2 jours', 1, 2, '2009-01-01', 0),
(18, '', 9, 900.00, '1 jours', 1, 2, '2009-01-01', 0),
(19, '', 10, 1900.00, 'Com ALX', 1, 1, '2009-01-01', 0),
(20, '', 10, 2000.00, 'PHPTV', 1, 1, '2009-01-01', 0),
(21, '', 7, 6000.00, 'Stand AFUP', 1, 1, '2009-01-01', 0),
(22, '', 6, 471.22, 'avance bloc notes adobe', 1, 1, '2009-01-01', 0),
(23, '', 6, 471.22, 'bloc notes adobe', 1, 2, '2009-01-01', 0),
(24, '', 6, 100.00, 'Sticker ', 1, 1, '2009-01-01', 0),
(25, '', 5, 0.00, 'graph forum', 1, 1, '2009-01-01', 0),
(26, '', 3, 2000.00, 'Bar + resto soir (A definir)', 1, 1, '2009-01-01', 0),
(27, '', 3, 173.50, 'Repas organisation', 1, 1, '2009-01-01', 0),
(28, '', 15, 150.00, 'Frais CB', 1, 1, '2009-01-01', 0),
(29, '', 4, 1000.00, 'remboursement conferenciers', 1, 1, '2009-01-01', 0),
(30, '', 6, 500.00, 'elePHPants', 1, 1, '2009-01-01', 0);

-- --------------------------------------------------------

--
-- Structure de la table `facture`
--

CREATE TABLE IF NOT EXISTS `facture` (
  `id` int(11) NOT NULL AUTO_INCREMENT,
  `numero` varchar(20) NOT NULL,
  `date` date NOT NULL,
  `societe` varchar(30) NOT NULL,
  `adr1` varchar(50) NOT NULL,
  `adr2` varchar(50) NOT NULL,
  `cp` varchar(10) NOT NULL,
  `ville` varchar(50) NOT NULL,
  `pays` varchar(50) NOT NULL,
  `observation` varchar(255) NOT NULL,
  PRIMARY KEY (`id`)
) ENGINE=MyISAM  DEFAULT CHARSET=latin1 AUTO_INCREMENT=13 ;

--
-- Contenu de la table `facture`
--

INSERT INTO `facture` (`id`, `numero`, `date`, `societe`, `adr1`, `adr2`, `cp`, `ville`, `pays`, `observation`) VALUES
(11, '', '2009-11-19', 'ste', 'adr', 'adr2', 'cp', 'ville', 'pays', 'observation'),
(10, '', '2009-11-19', 'ste', 'adr', 'adr2', 'cp', 'ville', 'pays', 'observation'),
(9, '', '2009-11-19', 'ste', 'adr', 'adr2', 'cp', 'ville', 'pays', 'observation'),
(8, '', '2009-11-19', 'ste', 'adr', 'adr2', 'cp', 'ville', 'pays', 'observation'),
(12, '', '2009-02-07', 'hello design', 'adr', 'adr2', '910000', 'bourges', 'france', 'observation');

-- --------------------------------------------------------

--
-- Structure de la table `facture_details`
--

CREATE TABLE IF NOT EXISTS `facture_details` (
  `id` int(11) NOT NULL AUTO_INCREMENT,
  `idfacture` int(11) NOT NULL,
  `ref` varchar(20) NOT NULL,
  `designation` varchar(255) NOT NULL,
  `quantite` int(11) NOT NULL,
  `pu` double(5,2) NOT NULL,
  PRIMARY KEY (`id`)
) ENGINE=MyISAM DEFAULT CHARSET=latin1 AUTO_INCREMENT=1 ;

--
-- Contenu de la table `facture_details`
--

